nama_produk,harga_produk,penjual,kota_toko,banyak_terjual,rating_produk
Geli Food Seblak Ceker Tanpa Tulang Super Pedas 180gr,29000,Lidigeli,Kab. Garut,100,4.9
Seblak instan komplit / seblak instan murah,5000,ismileusa_id,Kab. Bandung,750,4.8
KERUPUK SEBLAK RAFAEL PEDAS DAUN JERUK - 100 gram,4500,BociKakang,Jakarta Selatan,30,4.8
KERUPUK SEBLAK MENTAH 1KG WARNA WARNI - Bawang Oren,21000,BociKakang,Jakarta Selatan,500,5.0
"Seblak Rafael, Seblak Coet Instan Halal",25000,Brother Meat Shop,Jakarta Selatan,750,5.0
Kerupuk Mentah 250gr Seblak Mentah,5900,Pedas Gilaa,Surabaya,1000,5.0
Kylafood Seblak Rempah Authentik,10965,kylafood,Bandung,3000,4.9
"seblak krupuk 5000 ,pedas dan gurih",5000,anugrah seblak,Kab. Bandung,1000,4.8
Kerupuk Seblak Beton As Kering Cikruh 500 Gr Bumbu Organik Pedas Gurih,26500,kerudung bunga,Cimahi,70,4.8
Seblak pedas kerupuk pedas kiloan 1 kg,35000,RIKI STORE 97,Kab. Bogor,100,4.7
KERUPUK MENTAH KERUPUK SEBLAK MENTAH 500 GR - Bawang Oren,13500,BociKakang,Jakarta Selatan,250,4.9
Paket Isi 6 Cuanki Instan Lakoca | Batagor Instan | Seblak Basah GFS,93840,Lakoca Official Shop,Cimahi,100,4.8
KERUPUK SEBLAK PEDAS DAUN JERUK 100 GR,4500,BociKakang,Jakarta Selatan,750,4.8
Kerupuk Bawang Warna 5 Kg (BALL) Kerupuk Seblak / Kerupuk Mentah / Ker,86300,Distributor Topping Baso Aci,Bandung,6,5.0
Seblak Instan Kenyang Murah Asli Bandung Reseller Tanpa Pengawet,7138,Berkah Food Bandung,Cimahi,7000,4.9
KERUPUK MENTAH SERBA 5000 BAHAN SEBLAK,6000,GK_Snack,Kab. Bandung,1000,4.9
seblak as beton seblak kerupuk viral pedas daun jeruk,20250,basreng sultan bandung viral,Kab. Bandung,80,4.9
3 BASO ACI FREE SEBLAK SAJODO SNACK & FOOD,62000,Sajodo Snack & Food,Tasikmalaya,100,4.9
BASO ACI HOMEMADE boci isi12 bakso aci termurah baso aci fresh seblak,5400,NomeL Shop,Surabaya,4000,4.6
Kerupuk seblak kering kencur 500gram /seblak kering pedas daun jeruk,28700,oyun kriukzz,Jakarta Barat,750,4.9
SEBLAK INSTANT TERMURAH,4450,Pusat Cuankie & Cemilan Frozen,Jakarta Timur,10000,4.8
Cuanki Lidah Topping Baso Aci Seblak Isi 50 Biji,13000,Pedas Gilaa,Surabaya,100,4.9
3 SEBLAK FREE BASO ACI,44906,Sajodo Snack & Food,Tasikmalaya,100,4.9
Seblak Instant Homemade Lengkap Bumbu,5500,Pedas Gilaa,Surabaya,3000,4.8
Kerupuk Merah Seblak 250gr BANDUNG,4750,yohangunawan94,Bandung,1000,5.0
"Kerupuk Seblak Rafael Viral - PEDAS DJ, 1/4 kg",21999,Golden Cakery,Jakarta Pusat,70,4.9
GFS Seblak Basah Instan Original - Tinggal Seduh 3 Menit Langsung Siap,16618,Lakoca Official Shop,Cimahi,100,4.9
Seblak Instan Premium Bangsatria,21000,Foodstocks,Jakarta Selatan,30,5.0
KERUPUK BAWANG WARNA MERAH KRUPUK SEBLAK MENTAH - 500 gram,13500,BociKakang,Jakarta Selatan,100,4.9
seblak keong pedas maknyus,10000,jajansnacks jkt,Jakarta Barat,100,4.9
Seblak/Cuanki/Baso aci/Batagor kuah (instan) 1porsi. toping lengkap,7500,Aliya28,Tangerang Selatan,100,5.0
SEBLAK BETON CIKRUH RASA PEDAS CIKRUH BERAT 170 gram,13500,aurel prima snack,Jakarta Barat,11,5.0
KerUpuk Seblak Kerupuk Beton Pedas Daun Jeruk 250gram,15000,Mega_Snack_095,Cimahi,50,4.9
Kerupuk Seblak Beton Pedas Gurih 500 gr,35000,YasnackID,Bandung,27,4.8
kerupuk seblak bumbu kacang (kerucang),15000,Kerucangby2r,Kab. Bandung,250,4.8
12 Bungkus Mix Baso Aci isi 6 pcs X Seblak Instan isi 6 pcs,31600,Warungceria2020,Kab. Garut,100,4.8
kerupuk seblak pedas daun jeruk,5000,RIKI STORE 97,Kab. Bogor,100,4.7
Kerupuk seblak bantet Pedas extra 1kg Gurih,35000,RIKI STORE 97,Kab. Bogor,40,4.9
12 Bungkus Mix Baso Aci isi 6 pcs X Seblak Instan isi 6 pcs,42999,Semangkok Boci,Kab. Klaten,90,4.8
Yasnack Kerupuk Seblak Rafael Pedas Jeruk Renyah 500 gr,30000,YasnackID,Bandung,50,4.8
kerupuk seblak pedas daun jeruk,5000,RIKI STORE 97,Kab. Bogor,100,4.7
Seblak Instant Basranger Extra Pedas Daun Jeruk (200gr),19700,Gerai Snack Official Shop,Kab. Tangerang,100,4.9
KRUPUK STIK RASA UDANG CAP PADI KAPAS KHAS INDRAMAYU BISA BUAT SEBLAK,21500,dariimyu,Kab. Indramayu,500,4.9
Gelichips Seblak Kering Sebring Camilan Kerupuk Pedas Daun Jeruk 65 gr,12900,Lidigeli,Kab. Garut,100,4.7
Seblak instan komplit / seblak instan murah,5000,ismileusa_id,Kab. Bandung,750,4.8
[ roemah_koenyaheun ] kerupuk mentah kerupuk seblak serba 5000,5000,roemah_koenyaheun,Bandung,26,5.0
Kylafood Seblak Original,19125,kylafood,Bandung,10000,4.9
KERUPUK / KERUPUK MENTAH / KERUPUK SEBLAK MENTAH / KRUPUK BWG 200gr,5750,SuperSnacksShop,Kab. Bandung,1000,4.9
[ 250gr ] Kerupuk Seblak Kencur Pedas Daun Jeruk / Camilan Snack Murah,7250,Bara Snack Kediri 1,Kediri,40,4.9
Kerupuk Seblak Mentah 1kg - Krupuk Oren Matahari Pagi MP - Kemplang,19000,Cuanki_Bandung,Kab. Bandung,100,5.0
BASRENG 1 KG SEBLAK DAUN JERUK PURUT SUPER PEDAS ORIGINAL SUPER RENYAH,51771,Grosir Besar Kalimantan,Banjarbaru,60,5.0
"makaroni kriuk 500g pedas extra daun jeruk,cemilan nikmat,seblak,makan",25000,anugrah seblak,Kab. Bandung,250,4.8
seblak mercon pedas galak,3500,BUGAR STORE.,Kab. Garut,3000,4.5
"Seblak Rafael, Seblak Coet Instan Halal",25000,Brother Meat Shop,Jakarta Selatan,750,5.0
Cuanki Lidah 50 pcs topingan seblak baso Aci bakso cuanki,15000,Distributor Cuanki dan Seblak,Kab. Bekasi,750,4.9
Seblak RAFAEL | Seblak MAMANG RAFAEL | Seblak Viral ORIGINAL TATANGGA,44500,Beauty DELUXE,Jakarta Barat,70,4.9
Cipak Koceak Cirambay Cireng Seblak Basreng Bojot khas tasik camilan,10000,AMANA SNACK,Tangerang Selatan,100,4.7
"PAKET BUNDLING 4 ( 1 SEBLAK INSTANT, 1 KEJU AROMA SAJODO)",40000,Sajodo Snack & Food,Tasikmalaya,18,5.0
Krupuk seblak kencur 500gram,12000,Ummuchasna,Kab. Magelang,50,5.0
KERUPUK jablay bantet/SEBLAK MINI PEDAS 250gram,14000,ajs(ale jaya snack),Jakarta Utara,100,4.9
"seblak ceker 1 kg pedas daun jeruk, gurih,cemilan bikin nagih",35999,aghniya,Tangerang Selatan,70,5.0
"Kylafood Paket ( Seblak Original, Batagor, Cireng Rujak, Boci Goang)",76000,kylafood,Bandung,750,4.9
Kerupuk seblak beton as kering cikruh 1 kg bumbu organik pedas gurih,47500,kerudung bunga,Cimahi,30,4.9
seblak kerupuk jengkol pedas daun jeruk renyah,20250,basreng sultan bandung viral,Kab. Bandung,11,5.0
SEBRING KRUPUK KERUPUK SEBLAK KERING PEDAS DAUN JERUK 1KG CABE ASLI,16000,Aydaa Snack,Surakarta,100,4.9
Yasnack Kerupuk Seblak Rafael Pedas Cikruh Gurih 500 gr,30000,YasnackID,Bandung,70,4.9
Agen Seblak Mommy,9999,Kenal Jaya Bandung,Bandung,4000,4.9
kerupuk seblak rafael 200gr,10999,Bunda Qiana Store,Bandung,60,4.8
KERUPUK SEBLAK MINI KENCUR JABLAY BANTET PEDAS 500GRAM KILOAN,24000,ajs(ale jaya snack),Jakarta Utara,60,5.0
kerupuk mawar putih mentah 250 gram/kerupuk seblak mawar,5950,Aris lampu,Kab. Sidoarjo,10,5.0
Kerupuk Seblak Rafael 1 Bal 2Kg,82999,Bunda Qiana Store,Bandung,8,5.0
seblak as beton kerupuk pedas daun jeruk isi 500g viral tik tok,14999,seblak mitoha,Kab. Bandung,9,4.7
1 Kg Kerupuk Seblak Kencur Bantet Pedas Nikmat Harga Camilan Grosir Snack Viral,7400,Grosir Jaya Snack,Surabaya,9,3.8
KERUPUK SEBLAK RAFAEL PEDAS DAUN JERUK 250GRAM SNACK KILOAN,15000,ajs(ale jaya snack),Jakarta Utara,40,4.9
KERUPUK SEBLAK RAFAEL PEDAS DAUN JERUK,4500,BociKakang,Jakarta Selatan,30,4.8
Seblak Instan Komplit Pedas Gurih Nikmat,5999,Baso Aci Ayang,Kab. Garut,3000,4.9
Kerupuk seblak kering pedas daun jeruk 1kg krupuk seblak bantet pedas,15760,camilanqu_shop,Kab. Majalengka,9,5.0
"siomay pedas kering,daun jeruk,500g,cemilan pedas,seblak,siomay bandun",23000,anugrah seblak,Kab. Bandung,250,4.7
Kerupuk Seblak BANTET Pedas /Seblak Pelangi  - 1/4 kg,15840,Golden Cakery,Jakarta Pusat,100,4.8
cuanki tahu kering seblak isi 50 pcs toping seblak baso aci,12500,CUANKI CULAMETAN,Kab. Garut,750,4.9
Kerupuk Seblak Rafael Pedas / Seblak Mawar Pedes - Duo Bocil Snack,16000,DUO BOCIL SNACK,Depok,250,4.9
Seblak Hot Spicy By Bapper Food / Seblak Instant Khas Bandung,19110,Foodstocks,Jakarta Selatan,250,5.0
Paket Isi 4 Batagor Instan | Makaroni Basah | Seblak Basah,64906,Lakoca Official Shop,Cimahi,30,4.9
Gelifood Combo 3pcs Seblak Ceker Tanpa Tulang Super Pedas,85000,Lidigeli,Kab. Garut,60,4.7
siomay mini kering 1kg toping seblak baso aci,24999,CUANKI CULAMETAN,Kab. Garut,250,4.9
Kylafood Seblak Original Play,19125,kylafood,Bandung,1000,4.9
kerupuk seblak kering pedas 1 kg keripik hot spicy camilan kekinian,41000,JAGO TOK PETOK,Surabaya,100,4.9
Krupuk seblak mawar rafael pedas 500gr,23500,Markas Makaroni,Kab. Bekasi,250,4.9
Cuanki Lidah Kerupuk Cuanky Topping Baso Aci Seblak isi 150 Pcs,33000,Kerabat Official Store,Kab. Tasikmalaya,250,4.9
SamiRaos Baso Aci Geprek Tulang Rangu Seblak Baso Urat Yamin Noodle,23950,a grow exia (store),Kab. Bantul,40,5.0
Kerupuk Seblak Mini Pedas Daun Jeruk 1Kg,32000,KISH COLLECTION,Kab. Banyuwangi,14,5.0
cuanki tahu gepeng isi 50 pcs toping seblak baso aci,19500,CUANKI CULAMETAN,Kab. Garut,100,5.0
Paket Isi 6 Makaroni Basah Instan | Seblak Basah Instan,93840,Lakoca Official Shop,Cimahi,15,4.8
cuanki pangsit segitiga atau cipet isi 40 pcs toping seblak baso aci,13999,CUANKI CULAMETAN,Kab. Garut,100,4.9
Kylafood Seblak Rempah Autentik isi (5pcs),61275,kylafood,Bandung,250,4.8
Kerupuk Seblak Beton Pedas Gurih 1 kg,75000,YasnackID,Bandung,12,5.0
Pilus Cikur 1Kg Khas Garut Topping Baso Aci / Seblak,33000,Pedas Gilaa,Surabaya,750,4.9
SAMBAL SEBLAK BY MAMANG RAFAEL ORIGINAL HALAL VIRAALLL,40000,Beauty DELUXE,Jakarta Barat,30,4.9
seblak instant sajodo snak,18950,hikmah berkah jaya,Jakarta Barat,1000,4.9
KRUPUK STIK RASA UDANG CAP PADI KAPAS KHAS INDRAMAYU BISA BUAT SEBLAK,21500,dariimyu,Kab. Indramayu,500,4.9
kerupuk seblak mawar pedas daun jeruk,7999,uus shop 02,Surabaya,60,4.9
BASO ACI HOMEMADE boci isi 6 baso aci tulang rangu seblak Boci sehot,3800,NomeL Shop,Surabaya,100,4.4
krupuk seblak hah pedas gurih 500gr,26500,Markas Makaroni,Kab. Bekasi,1000,4.9
Mamafuji - PROMO BUNDLING !!! SEBLAK & BAKSO ACI,41579,Mama Fuji Official,Tangerang,100,4.8
Somay mini Gurilem batagor mini toping seblak baso Aci cuanki 500 gr,13999,Distributor Cuanki dan Seblak,Kab. Bekasi,250,4.9
Pasar Keripik Kerupuk Seblak Mawar Mini Pedas size Besar,28500,Pasar Keripik Bandung,Bandung,30,4.9
Kylafood Seblak karuhun,11475,kylafood,Bandung,4000,4.8
siomay mini kering 250 gram toping seblak baso aci,7999,CUANKI CULAMETAN,Kab. Garut,250,4.8
cuanki lidah isi 50 topping baso aci dan seblak,11999,Culametan Food,Kab. Garut,60,4.9
pangsit segitiga kering atau cipet isi 100 toping seblak baso aci,32999,CUANKI CULAMETAN,Kab. Garut,100,4.9
Baso Aci & Seblak Home Made,5500,Rodhi snack,Kediri,60,5.0
KRUPUK SEBLAK RAFAEL | SEBRING | KERUPUK MAWAR PEDAS DAUN JERUK 250 GR,21630,Toko kue Sumber Mas,Jakarta Timur,100,5.0
MAKARONI bantet 70gr krupuk SEBLAK bantet krupuk UDANG KERUPUK BANTET,2600,MelaBoci,Surabaya,60,5.0
Kerupuk Seblak Tatangga Mamang Rafael Pedas Kencur Daun Jeruk 500gr,29511,Cemilan Kang Asep,Kab. Bandung,40,5.0
kerupuk seblak Beton Pedas,85000,Markas Makaroni,Kab. Bekasi,40,4.9
siomay mini kering 1kg / cuanki / batagor / seblak / bakso aci,29000,fahirastores,Kab. Bandung Barat,250,4.9
Kylafood Seblak Original Play,19125,kylafood,Bandung,1000,4.9
Kerupuk Seblak Kering Sebring Pedas Daun Jeruk 100gr,4500,Pedas Gilaa,Surabaya,500,4.9
Kerupuk mawar putih mentah 1ball (5kg)/kerupuk seblak viral rafael,118000,Semesta kerupuk,Tangerang Selatan,60,5.0
kerupuk bubur/ seblak / gado- gado/ ketoprak 500gr,18000,Taufik Bumbu Giling,Jakarta Selatan,250,4.9
Seblak Mommy,14700,Gerai Snack Official Shop,Kab. Tangerang,2000,4.6
cuanki tahu kering seblak atau batagor kering isi 150 pcs,32999,CUANKI CULAMETAN,Kab. Garut,250,4.8
Kylafood Seblak Mie Baso Sapi Play,23375,kylafood,Bandung,250,4.9
Kylafood Seblak Rempah Autentik isi (10pcs),116100,kylafood,Bandung,100,4.9
KRUPUK / KERUPUK MENTAH / KERUPUK SEBLAK MENTAH 1kg SLONDOK,21750,SuperSnacksShop,Kab. Bandung,250,4.9
GURILEM MINI 1KG Siomay Kering Toping Baso Aci Cuanki Seblak,29000,Pedas Gilaa,Surabaya,1000,4.9
Kerupuk Kering 1KG Bahan Seblak Variasi Lengkap by GG,20999,gaiagarut,Kab. Garut,15,5.0
Seblak kering 90 gram,4999,Anwarul ulum,Kab. Tasikmalaya,30,5.0
SEBLAK INSTAN SAJODO SNACK,18500,Sajodo Snack & Food,Tasikmalaya,100,4.8
seblak kerupuk jengkol daun jeruk isi 500gr AJIP (MS),18000,Mega Snack 095,Cimahi,3,5.0
siomay mini kering / cuanki / batagor / seblak / bakso aci,9500,fahirastores,Kab. Bandung Barat,250,4.9
Kylafood Seblak Rempah Autentik isi (5pcs),61275,kylafood,Bandung,250,4.8
seblak kering kerupuk campur bumbu kacang,15000,abqorycandy,Kab. Bandung,5,5.0
seblak beton cikruh 100grm,8000,Toko Yazid Cita Rasa,Bandung,10,5.0
TOPPING SEBLAK/BASO ACI PAKET MIX TERMURAH/CUANKI/CUANKIE,29749,ArfaOnlineShop,Tangerang,100,4.9
[READY MEDAN] Seblak Bandung Instan Super Pedas Termurah Lidah Cuanki,6900,CemilanPuas,Medan,500,4.8
"(COD) seblak kering kerupuk jengkol bumbu basah,pedas",25000,anugrah seblak,Kab. Bandung,60,4.6
Cemilan 250GR Krupuk seblak kering Rafael pedas daun jeruk MEGA SNACK,7520,Mega_Snack_095,Cimahi,12,5.0
kerupuk seblak polos pedas 500gr jajanan cemilan sneck makanan keripik,20000,pelangi khatulistiwa 2,Surabaya,80,4.9
Seblak Instan Premium Bangsatria,21000,Foodstocks,Jakarta Selatan,30,5.0
KRUPUK SEBLAK JENGKOL,8000,NYEMILCEMIL,Kab. Tulungagung,3,4.7
Gelifood Seblak Instan Kerupuk Mawar Bumbu Kencur Rafael Pedas Gurih,18000,Lidigeli,Kab. Garut,500,4.8
Kerupuk RANTAI 250gr SEBLAK Warna Warni,6000,yohangunawan94,Bandung,500,5.0
Seblak Instan Bang Satria Kemasan Premium 1 PCS,21250,Pusat Pajamas Tasik,Tasikmalaya,8,5.0
seblak krupuk kemplang bawang hot pedas gurih 1kg,14999,seblak mitoha,Kab. Bandung,18,4.3
Kerupuk Seblak Mentah 200gr - Krupuk Oren Matahari Pagi MP - Kemplang,4000,Cuanki_Bandung,Kab. Bandung,80,4.9
Kerupuk Seblak bumbu kacang,16000,Allsnackbandung,Bandung,100,4.9
SEBRING 250 GRAM / KERUPUK SEBLAK MAWAR,15500,Dapur Sehat21,Kab. Bandung,30,4.9
seblak ceker pedas,9125,snack_it,Tangerang Selatan,500,4.9
"seblak kering pedas 250 gr/seblak kencur/kerupuk seblak,enak dan gurih",9999,aghniya,Tangerang Selatan,500,4.8
KERUPUK SEBLAK PEDAS DAUN JERUK 100 GR,4500,BociKakang,Jakarta Selatan,750,4.8
seblak instant komplit bumbu cikruh bandung aufaro snack,6800,AUFARO SNACK,Kab. Bandung Barat,500,5.0
kerupuk seblak pedas daun jeruk,9900,afif jaya cemilan,Surabaya,100,4.7
Seblak CeuMir Rasa Bawang,35000,Seblak CeuMir,Kab. Bandung,40,5.0
SEBLAK INSTAN TERMURAH,3500,Cemilan-Ce,Kab. Sidoarjo,100,4.9
paket mix 12PCS boci cuanki seblak,38999,nayismail,Cimahi,60,4.9
Kerupuk Seblak Kencur / Seblak Jablay Viral @100-500gr,7200,Toko Camilan Anyar,Surabaya,100,4.9
Kerupuk Seblak Bumbu Kacang (Kerucang) 1kg,53500,Kerucangby2r,Kab. Bandung,30,4.8
"pangsit segitiga, cipet isi 20 pcs topping baso aci dan seblak",6999,Culametan Food,Kab. Garut,20,5.0
Kylafood Seblak Kwetiaw,19975,kylafood,Bandung,4000,4.9
Seblak Rempah Autentik Kyla Food Khas Bandung 115 g,16700,Gerai Snack Official Shop,Kab. Tangerang,60,5.0
siomay kering 1kg isi 150 pcs toping seblak baso aci,34999,CUANKI CULAMETAN,Kab. Garut,90,4.9
Kylafood Mix Pentol Kuah dan Seblak Original,42500,kylafood,Bandung,60,4.9
Kylafood Seblak Kwetiaw play,19975,kylafood,Bandung,500,4.9
Kylafood Seblak Mie Baso,24750,kylafood,Bandung,4000,4.9
Seblak Nyai Mercon,24700,Foodstocks,Jakarta Selatan,10,5.0
Kylafood Seblak Rempah Autentik Isi (24pcs),294120,kylafood,Bandung,15,5.0
(HARGA TERMURAH) seblak instan mantap,3900,baso aci zahra,Kab. Bandung,1000,4.7
Seblak Instan Kenyang Murah Asli Bandung Reseller Tanpa Pengawet,7138,Berkah Food Bandung,Cimahi,7000,4.9
"siomay kering bandung 500 gr. untuk baso aci, seblak ,mie ayam dll",14999,aghniya,Tangerang Selatan,1000,4.9
bumbu seblak basah instan,26666,Kickball Official,Bandung,250,4.7
kerupuk seblak pedas / kerupuk jablay,15900,CAMILLANS,Jakarta Selatan,30,4.8
Pasar Keripik Kerupuk Seblak Mawar Mini Pedas size Kecil,12500,Pasar Keripik Bandung,Bandung,100,4.9
cuanki tahu panjang atau stik isi 50 pcs toping seblak baso aci,12999,CUANKI CULAMETAN,Kab. Garut,100,4.8
"cuanki tahu kering, batagor kering, isi 50 topping baso aci dan seblak",11999,Culametan Food,Kab. Garut,30,4.9
cuanki tahu gepeng isi 100 pcs toping seblak bsso aci,38111,CUANKI CULAMETAN,Kab. Garut,100,4.9
Seblak Pedas Kicimpring Iyagasih,15000,Gerai Singawada,Kab. Majalengka,13,5.0
Kerupuk Tangga / Rante Topping Seblak,4000,Pusat Cuankie & Cemilan Frozen,Jakarta Timur,100,4.8
KERUPUK SEBLAK BETON BANTAT PEDES GURIH DAUN JERUK 250GRAM,19000,Madinah Oleh Oleh Bdg,Bandung,80,4.9
Kylafood Paket (3 Seblak Original 2 Batagor kuah),95000,kylafood,Bandung,3000,4.9
Sabring kerupuk seblak jablay pedas Jumbo,15000,RIKI STORE 97,Kab. Bogor,28,4.9
Geli Food Seblak Ceker Tanpa Tulang Super Pedas 180gr,29000,Lidigeli,Kab. Garut,100,4.9
SEBLAK INSTAN MOMMY,13900,Rav Jaya Display,Kab. Tangerang,1000,4.8
KERUPUK JABLAY BANTET SEBLAK PELANGI,15999,Toko kue Sumber Mas,Jakarta Timur,500,4.9
KRUPUK / KERUPUK MENTAH / KERUPUK SEBLAK MENTAH 1kg POCO / PUYUR,21750,SuperSnacksShop,Kab. Bandung,100,4.8
Seblak instan / seblak instan BANDUNG / seblak instan pedas,4200,AZKIA RASA,Kab. Tasikmalaya,100,4.9
[TERMURAH!!] Seblak Instant Basranger Extra Pedas 200gram,14500,duniacemilan,Bandung,100,5.0
cuanki tahu panjang isi 150 pcs | toping seblak baso aci,33999,CUANKI CULAMETAN,Kab. Garut,40,4.9
Soun Seblak Geprek SAMI RAOS Khas Garut - Soun Seblak,18900,Foodstocks,Jakarta Selatan,80,4.8
cuanki lidah asli garut isi 150 pcs,32500,kira3arut,Kab. Garut,10000,4.9
Cuanki tahu bulat kering 50 pcs toping seblak baso aci,17999,CUANKI CULAMETAN,Kab. Garut,70,4.8
krupuk mentah / seblak / bawang / buryam / lotek / ketoprak 250gr,5400,Paulus Plastik,Kab. Bantul,250,5.0
"Toping Seblak Baso Aci PAKET MIX 150pcs Cuanki Lidah, Siomay dan Baso",42500,gaiagarut,Kab. Garut,250,4.8
Cuankie Lidah topping baso aci / seblak,2500,Pusat Cuankie & Cemilan Frozen,Jakarta Timur,7000,4.8
Kerupuk seblak bantet pedas 75 gr enak renyah,4500,RIKI STORE 97,Kab. Bogor,40,4.6
Kerupuk Bawang Seblak Bintang Mentah / Kerupuk Tersanjung 100 gram,5000,DelimaFCB,Surabaya,22,5.0
"Toping Seblak Baso Aci PAKET MIX 100pcs Cuanki Lidah, Siomay dan Baso",31000,gaiagarut,Kab. Garut,500,4.8
seblak Abah aceng paling top pedas mantul,6000,cemilan Bandungstore,Cimahi,80,4.9
KRUPUK / KERUPUK MENTAH / KERUPUK SEBLAK MENTAH 200gr SLONDOK,5750,SuperSnacksShop,Kab. Bandung,100,4.8
cuanki tahu Geprek tahu Gepeng isi 50 topping baso aci seblak,18999,Culametan Food,Kab. Garut,15,5.0
cuanki lidah 150 pcs toping seblak baso aci,35111,CUANKI CULAMETAN,Kab. Garut,500,4.9
cuanki tahu bulat sohu besar isi 25 toping baso aci dan seblak,8999,Culametan Food,Kab. Garut,13,5.0
Geli Chips - Seblak Kering Pedas Gurih Daun Jeruk 65gr,12000,Foodstocks,Jakarta Selatan,80,5.0
"siomay mini,  gurilem cimol pangsit kiloan 1 kg toping baso aci seblak",24999,Culametan Food,Kab. Garut,4,5.0
[ 500gr ] Kerupuk Seblak Bantet / Seblak Kencur Pedas Daun Jeruk -B,19950,Bara Snack Kediri 1,Kediri,24,5.0
SEBLAK JUARA INSTAN MASAK BASAH ASLI BANDUNG ENAK MANTAP,22000,Rasa Juara Indonesia,Kab. Bandung,1000,4.9
Kerupuk seblak 1 kg / kerupuk seblak pedas,35625,Mulya_Snack,Kab.Ciamis,40,4.9
11 BUNGKUS SEBLAK MAMANG PAKET RESELLER,55000,global cookware1,Jakarta Barat,100,4.9
"Kerupuk Gelung Mentah 200gr Bahan Seblak, Krupuk, Cemilan, Dll.",5000,Cuanki_Bandung,Kab. Bandung,100,4.9
Kylafood Seblak Tulang Rawan,21675,kylafood,Bandung,8000,4.9
SEBLAK KERING CIKRUH BUMBU KACANG VARIAN CAMPUR KEMASAN 250 GRAM,18899,Simshop_,Cimahi,18,5.0
GRATIS KARDUS CUANKI MIX MURAH - BISA COD - TOPING SEBLAK - BASO ACI,30000,Distributor Cuanki dan Seblak,Kab. Bekasi,70,4.9
kerupuk tersanjung atau seblak (250gram),5500,Agenkerupuk99,Surabaya,22,4.7
KRUPUK SEBLAK KERING rasa KENCUR afif jaya cemilan,8900,afif jaya cemilan,Surabaya,60,4.9
seblak frozen,9540,pelangi girls naget,Jakarta Timur,2000,4.9
Cuanki Lidah Ikan Tenggiri (Isi 150 Pc) |Toping Baso aci|Toping seblak,15500,Jagain_id,Kab. Garut,30,4.8
seblak kerupuk kering pedas jeruk isi 500 gram seblak kemplang,25000,Tiga putri77,Kab. Bandung,100,4.9
seblak ceker pedas,10000,Khanza Market,Kab. Tangerang,100,4.9
Kylafood Mix Fav Selebgram Seblak Original & Batagor kuah,42500,kylafood,Bandung,250,4.8
Seblak Kuah Mamang Rafael Instant Pedas Sunda,27550,Foodstocks,Jakarta Selatan,22,5.0
KERUPUK SEBLAK MENTAH 1KG WARNA WARNI,21000,BociKakang,Jakarta Selatan,500,5.0
Kerupuk mawar putih 1kg / kerupuk ikan/kerupuk seblak viral,26000,Semesta kerupuk,Tangerang Selatan,100,4.9
Cuanki Tahu Keriting Panjang Topping Baso Aci / Seblak Khas Garut,14999,Pedas Gilaa,Surabaya,250,5.0
Seblak ceker 2 putra kemasan gopean (500),8800,BAGEAJAYA FOOD,Kab.Ciamis,250,5.0
KERUPUK SEBLAK MENTAH ORANGE 250GR,6000,cemilanmentahjakarta,Jakarta Utara,40,5.0
[READY MEDAN] Kerupuk Bawang Bantet Seblak Pedas Jeruk Murah 100grm,8000,CemilanPuas,Medan,250,4.8
Kylafood Seblak Tulang Rawan Play,21675,kylafood,Bandung,750,4.9
SEBLAK KERING KERUPUK BETON 500GR PEDAS DAUN JERUK,27999,BANDUNG SNACK CENTER.ID,Kab. Bandung,27,4.4
cuanki tahu pasung kering toping seblak baso Aci bakso cuanki 50 pcs,15000,Distributor Cuanki dan Seblak,Kab. Bekasi,100,4.8
"Batagor Tahu Kering Mini 50pcs Topping Cuanki, Seblak, Baso, Dll.",6200,Cuanki_Bandung,Kab. Bandung,500,4.8
Omiyago Snack Kerupuk Seblak,6000,omiyago,Jakarta Barat,60,4.9
kerupuk seblak kering pedas daun jeruk 500gr / keripik seblak,25000,cemilan roufa,Medan,8,3.7
krupuk seblak hah pedas gurih 200gr,12000,Markas Makaroni,Kab. Bekasi,1000,4.9
SEBRING CAMPUR/ Seblak kering Bumbu kacang/ varian pedas-original,20000,KailaAini_collection,Kab. Karawang,70,5.0
Kerupuk seblak viral seblak rafael 250 gram,7500,joeragan baroe,Bandung,40,5.0
1KG SEBLAK BETON RENYAH VIRAL Cemilan,42000,Cemilanku Kaya Bumbu,Kab.Ciamis,11,4.5
Krupuk Seblak Pedas,16000,kripikbali,Kab. Badung,60,4.7
Kylafood Seblak karuhun,11475,kylafood,Bandung,4000,4.8
kerupuk seblak kering enak gurih,5000,RIKI STORE 97,Kab. Bogor,250,4.8
Mie Seblak Geprek Sami Raos Khas Garut Seblak Instant Kekinian 160gr,19700,Gerai Snack Official Shop,Kab. Tangerang,100,4.8
Geli Chips - Seblak Kering ( Sebring ) Kerupuk Mawar Pedas Daun Jeruk 50 gr,10200,Foodstocks,Jakarta Selatan,7,5.0
pilus kencur sukro cikur 250 gram toping baso aci seblak,8999,Culametan Food,Kab. Garut,23,4.7
Seblak Basah Instant Pedas / Extra Pedas,20000,kualikika,Kab. Tangerang,40,5.0
cuanki tahu Geprek tahu gepeng isi 25 toping baso aci dan seblak,9999,Culametan Food,Kab. Garut,24,5.0
Soun Seblak Geprek SAMI RAOS Khas Garut,19700,Gerai Snack Official Shop,Kab. Tangerang,90,4.8
Seblak Instan extraHot,4500,sentosa jaya cuanki,Kab. Garut,5000,4.9
[ 1KG ] Kerupuk Seblak Bantet Kering / Seblak Kencur Pedas Daun Jeruk / Camilan Snack Kiloan Murah -K,41000,Bara Snack Kediri 1,Kediri,8,5.0
seblak kering RAFAEL mawar pedas daun jeruk 1KG MEGA SNACK,32000,Mega Snack 095,Cimahi,7,5.0
1 Kg kerupuk / krupuk seblak kencur kiloan termurah makanan ringan,38000,MuezzaSnack,Kab. Cirebon,30,4.9
SEBLAK CUANKI KUAH CUP INSTAN PUSPA ( PUSAKA PARAHYANGAN ) 6 min,12500,Berkah Niaga Jaya,Kab. Garut,750,4.9
pilus kencur sukro cikur 500 gram toping baso aci seblak,15999,Culametan Food,Kab. Garut,6,4.0
Seblak Basah Instan Good Friend (90gr),17700,Gerai Snack Official Shop,Kab. Tangerang,40,5.0
"cuanki tahu kering, batagor kering, isi 150 toping baso aci seblak",33999,Culametan Food,Kab. Garut,3,5.0
Baso Aci Bapper Tulang Rangu Original Asli Bandung 220gr,25800,Foodstocks,Jakarta Selatan,1000,5.0
cuanki siomay kering isi 50 toping seblak baso aci,11999,Culametan Food,Kab. Garut,12,5.0
kerupuk seblak kemasan pouch 250 gr,9000,dvn makaroni,Tasikmalaya,23,5.0
Seblak Ceker Cap Dua Putra,8000,Medina Snack Grosir,Kab. Sukabumi,100,5.0
Gelifood Combo 3pcs Seblak Instan Kerupuk Mawar Kencur Pedas Rafael,51900,Lidigeli,Kab. Garut,100,4.9
KRUPUK SEBLAK BANTET KENCUR 250gr / SNACK KILOAN MURAH / SEBLAK CIKUR,8999,almasnack,Kab. Bekasi,80,4.9
"CUANKI TAHU TOPING BASO ACI, SEBLAK, MIE INSTAN ENAK GURIH",22500,global cookware1,Jakarta Barat,1000,4.8
SEBLAK KERING CIKRUH BUMBU KACANG VARIAN CAMPUR,10799,Simshop_,Cimahi,60,4.7
Bundle - Basranger Seblak | Baso Aci Extra Pedas | Tulang Rangu,56300,Rak Sebelah,Jakarta Pusat,100,4.9
KRUPUK / KERUPUK MENTAH / KERUPUK SEBLAK MENTAH KEONG WARNA 200 GR,5750,SuperSnacksShop,Kab. Bandung,100,4.9
seblak kering pedas daun jeruk kerupuk seblak kencur pedas dj 1 kg,33499,Qie snack,Kab. Jember,29,4.9
Bakso Aci Instan Murah Asli Bandung Frozen Baso Cilok Kuah Kenyang,5702,Berkah Food Bandung,Cimahi,10000,4.9
"siomay mini,  gurilem cimol pangsit 250 gram toping baso aci seblak",6999,Culametan Food,Kab. Garut,30,5.0
Emping Balado 130g,15000,oke snack,Jakarta Selatan,100,4.9
pilus kencur Sukro cikur kiloan 1 kg toping baso aci seblak,34999,Culametan Food,Kab. Garut,5,5.0
Basreng Pedas Daun Jeruk 1 kg,55000,Prima - Bandung,Bandung,100,4.9
"Seblak Instan Lengkap Cemilan Enak, Oleh Oleh Garut",5500,Endo Shop ID,Kab. Garut,250,4.9
KERUPUK SEBLAK RAFAEL KERING BANTAT PEDES DAUN JERUK 250gr,18000,AyundaSnack,Bandung,100,4.9
GRATIS ONGKIR SEBLAK INSTAN/SEBLAK BANDUNG/SEBLAK GARUT/MURAH MANTAP,3999,MarkCi .id,Kab. Garut,100,4.5
Kerupuk mawar putih mentah 500gram / kerupuk ikan mentah /seblak viral,13000,Semesta kerupuk,Tangerang Selatan,100,5.0
kerupuk seblak kering pedas daun jeruk 200gr,6999,Kricep,Surabaya,60,4.8
Kerupuk Seblak Viral / Kerupuk Mawar Putih Viral Mentah 250gram,8000,Bumbukeluargakita,Jakarta Barat,20,5.0
KERUPUK SEBLAK BETON PEDAS BUMBU CIKRUH,12000,ajs(ale jaya snack),Jakarta Utara,4,5.0
kerupuk seblak kering pedas 1kg,34950,seblak_joy,Kab. Bandung,100,4.9
Seblak RAFAEL | Seblak MAMANG RAFAEL | Seblak Viral,40000,Naturally Plus Jakarta,Kab. Tangerang,250,4.9
SEBLAK MAWAR KERUPUK KRIWUL PEDAS 500 gr,30000,AUFARO SNACK,Kab. Bandung Barat,30,5.0
cuanki siomay kering isi 25 toping seblak baso aci,6999,Culametan Food,Kab. Garut,18,4.7
Basreng Asin Daun Jeruk 500 gr,32000,Prima - Bandung,Bandung,60,5.0
"cuanki lidah, isi 150 toping baso aci seblak",33999,Culametan Food,Kab. Garut,13,4.8
jagung marning 250 gr,16000,oke snack,Jakarta Selatan,500,4.9
cuanki tahu stik tahu panjang kering isi 25 toping baso aci dan seblak,6999,Culametan Food,Kab. Garut,21,5.0
KERUPUK SEBLAK KENCUR MAWAR / SEBLAK KRIWUL PEDAS MURAH,8000,AUFARO SNACK,Kab. Bandung Barat,30,5.0
Seblak Bu Etu - Misdaseum / Original,19900,Bakso Bu Etu,Kab. Bandung,750,4.9
SEBLAK KERING PEDAS DAUN JERUK,18500,BociKakang,Jakarta Selatan,1000,4.6
Kerupuk Rafael/kerupuk seblak viral/kerupuk mawar 1kg,35000,KEDAI SAYUR KU,Tangerang Selatan,40,4.9
seblak instan jeletot jajanan hits bandung 1 porsi,4180,tokomakanankalimantan,Jakarta Barat,1000,4.8
Cuanki Tahu Panjang isi 25 pcs toping seblak baso aci bakso cuanki,8500,Distributor Cuanki dan Seblak,Kab. Bekasi,100,4.9
[250 gr] Kerupuk Seblak Pedas,11500,CamilanJati,Kab. Sidoarjo,80,5.0
Mamafuji - Seblak Instan viral (DUTA SEBLAK APPROVED),26999,Mama Fuji Official,Tangerang,100,4.7
"50 Pcs CUANKI SIOMAY Kering Topping Pelengkap Baso Aci, Seblak",13500,Endo Shop ID,Kab. Garut,60,4.9
250gram kerupuk mentah seblak rafael,6000,Agenkerupuk99,Surabaya,30,4.8
"seblak ceker 250 gr pedas daun jeruk, gurih,cemilan bikin nagih",9999,aghniya,Tangerang Selatan,90,4.8
SEBLAK KERING CIKRUH BUMBU KACANG VARIAN CAMPUR KEMASAN 1 KG,57999,Simshop_,Cimahi,28,5.0
"baso aci boci instan maci eco ayam, keju, seblak",9799,snackbox88,Bekasi,250,5.0
KRUPUK / KERUPUK MENTAH / KERUPUK SEBLAK MENTAH 1kg IKAN MERAH,21750,SuperSnacksShop,Kab. Bandung,100,4.7
KRUPUK / KERUPUK MENTAH / KERUPUK SEBLAK MENTAH IKAN MERAH 200 GR,5750,SuperSnacksShop,Kab. Bandung,100,4.7
KERUPUK SEBLAK MENTAH ANEKA WARNA,12500,jajanangarut19,Jakarta Selatan,500,4.8
Kerupuk seblak bantet pedas daun jeruk / krupuk seblak kering 500gram,8290,camilanqu_shop,Kab. Majalengka,4,4.7
kerupuk seblak cocol mentah viral mawar 100gram,5000,cemilanceuromlah,Bandung,250,5.0
SUKRO CIKUR RENYAH NGEPROS isi 250g Pelengkap Baso Aci Cuanki Seblak,8499,gaiagarut,Kab. Garut,80,4.9
Sebring ( Seblak Kering ) kemasan pouch 200gram Cemilan ceu elah,8000,cemilan ceu ellah,Kab.Ciamis,90,4.8
SEBLAK INSTAN | BASO ACI | CUANKIE KUAH INSTAN,2900,Kairashop_id,Surabaya,70,4.1
Seblak Cup Kylafood Praktis Tinggal Seduh Air Panas,17700,Gerai Snack Official Shop,Kab. Tangerang,4,5.0
Kerupuk Seblak Rafael Pedas / Seblak Mawar Pedes - Duo Bocil Snack,16000,DUO BOCIL SNACK,Depok,250,4.9
seblak kerupuk bantet kering bandung 1kg,20000,seblak_endull,Kab. Bandung,8,5.0
KRUPUK / KERUPUK MENTAH / KERUPUK SEBLAK JENGKOL SISIR 1KG,21750,SuperSnacksShop,Kab. Bandung,30,5.0
seblak instan masabi,8000,baso aci masabi,Jakarta Selatan,250,4.8
Kerupuk jengkol dan seblak beton (satu paket) rasa pedas kemasan 250 g,15500,Seblak Guludug Bandung,Kab. Bandung,16,5.0
Kerupuk Seblak Kering Pedas Bumbu Kencur 100 gram,7000,Zahira Official 01,Kab. Kebumen,40,5.0
baso aci / seblak instan,6000,Nyum_mama,Pekanbaru,90,4.7
Bumbu Seblak Cikur Bawang Putih Untuk Seblak (Plain),400,Berkah Food Bandung,Cimahi,1000,4.9
Kerupuk Seblak Jeruk purut pedas - jajanan micin 100g,5350,camilankotamalang,Malang,40,5.0
Kerupuk merah kerupuk seblak 5 kg kerupuk mentah,77500,Bintang jaya Jsp,Tangerang Selatan,29,4.9
Kerupuk Seblak Beton Pedas Gurih 250 gr,18899,YasnackID,Bandung,30,4.6
cemilan keripik tahu,36500,oke snack,Jakarta Selatan,250,4.9
cilok goang kuah,5700,Berkah Food Bandung,Cimahi,4000,4.9
Keripik Singkong Balado Christine Hakim,36000,Pisang Goreng Madu Bu Nanik,Jakarta Barat,2000,4.9
Baso Aci Bapper Tulang Rangu Sambel Mercon Asli Bandung 220gr,25800,Foodstocks,Jakarta Selatan,500,5.0
Baso Aci Bapper Tulang Rangu Sambel Mercon Asli Bandung 220gr,25800,Foodstocks,Jakarta Selatan,500,5.0
Sriping Keripik Pisang Madu,25000,Pisang Goreng Madu Bu Nanik,Jakarta Barat,750,4.8
Keripik Ubi Ungu Sari Roso,26000,Pisang Goreng Madu Bu Nanik,Jakarta Barat,250,5.0
Batagor kuah NY ENTIN kuah pedas mantap porsi banyak,12800,Ny Entin Foods,Bandung,2000,4.8
krupuk seblak pedas daun jeruk bantet 500geram,25000,seblak barokah 07,Kab. Bandung,100,4.6
Kerupuk bawang Seblak Mentah Bintang Tersanjung warna warni [250gr],8950,LESGO99,Tangerang Selatan,11,5.0
PAKET BUNDLING HEMAT 12  (6 pcs seblak 6pcs baso aci ) MAKANAN INSTAN,44999,gudangsnacktgr19,Kab. Tangerang,29,4.8
kerupuk seblak Rafael 100g,6000,ADDARSNACK,Kab. Cianjur,30,4.9
Keripik Singkong Kalimantan,21000,Pisang Goreng Madu Bu Nanik,Jakarta Barat,1000,4.8
Cimol Bojot Pedas Cilok Goreng Bumbu Pedas Bubuk Cimol Cikruh Bawang,6652,Berkah Food Bandung,Cimahi,1000,4.9
Peyek Bu Nanik / Kerupuk Peyek khas Madiun,24500,Pisang Goreng Madu Bu Nanik,Jakarta Barat,1000,4.7
Keripik Tempe Oven Bu Nanik / Tempe Krispy Bu Nanik,30500,Pisang Goreng Madu Bu Nanik,Jakarta Barat,4000,4.7
Kylafood Seblak Kwetiaw,19975,kylafood,Bandung,4000,4.9
SEBLAK COET VIRAL 12 BUNGKUS PAKET HEMAT SEBLAK ALA MANG RAFAEL,48000,Terciduk Food,Kab. Bandung,27,4.4
Seblak lengkap murah,10599,Pebiie93,Jakarta Timur,250,5.0
Kylafood Seblak Mie Baso Sapi Play,23375,kylafood,Bandung,250,4.9
KERUPUK SEBLAK BUMBU KACANG 250gr,14500,FUNNY_SHOP,Bandung,15,4.8
KRUPUK SEBLAK RAFAEL | SEBRING | KERUPUK MAWAR PEDAS DAUN JERUK,3724,Kairashop_id,Surabaya,70,4.9
"Makaroni Bantat Mentah 200gr Bahan Seblak, Snack, Dll.",4500,Cuanki_Bandung,Kab. Bandung,100,4.9
"baso aci, bakso aci, cuanki, seblak instan, boci",8000,baso aci masabi,Jakarta Selatan,2000,4.8
100gr Kerupuk Bawang Tersanjung Bintang Bunga Krupuk Mentah seblak,4500,Eagar Wangsa,Jakarta Utara,250,4.8
Cilokba Cilok Bapper Rasa Sambal Daun Jeruk,18270,Foodstocks,Jakarta Selatan,100,4.8
Peyek Bayam Tridara Snack,16500,Pisang Goreng Madu Bu Nanik,Jakarta Barat,750,4.7
SEBLAKKU Pedas Gurih by Ny. Entin,14800,Ny Entin Foods,Bandung,250,4.8
Kerupuk Puli Gendar cap Telor Walet khas Madiun,22000,Pisang Goreng Madu Bu Nanik,Jakarta Barat,1000,4.9
Baso Aci Ny.Entin,12800,Ny Entin Foods,Bandung,2000,4.8
Kerupuk Seblak Kencur Pedas Gurih - Anum Sari,14000,ANUM SARI,Tangerang Selatan,100,4.8
Kerupuk seblak bantet pedas 75 gr enak renyah crispy,4500,RIKI STORE 97,Kab. Bogor,16,5.0
Seblak instan cuanki/Seblak instan murah/Seblak instan mie,4900,Komasnack,Kab. Mojokerto,30,5.0
Seblak geprek hedon,16000,RGA Frozen,Depok,250,4.9
Baso Aci GEPREK Seblak GEPREK boci instant samiraos boci geprek tulang,17999,Pusat Baso Aci,Surabaya,70,4.9
KERUPUK MAWAR KERUPUK BAWANG BUAT SEBLAK RAFAEL,8500,Toko Toucan,Malang,9,5.0
SABRING KERUPUK SEBLAK PEDAS,4000,RIKI STORE 97,Kab. Bogor,40,5.0
250gr Krupuk seblak mentah murahtersanjung keong makaroni udan,5100,Hana snack1,Surabaya,80,4.5
Snack Mie Goreng Medan / Kerupuk Mie Goreng Medan,14500,Pisang Goreng Madu Bu Nanik,Jakarta Barat,500,4.8
Emping Manis Pedas Majalengka,18000,Gerai Singawada,Kab. Majalengka,21,5.0
Keripik Tempe Mels Kitchen,25000,Pisang Goreng Madu Bu Nanik,Jakarta Barat,1000,4.9
Batagor Kering Sari Roso (Bakso Tahu Goreng Kering) - Pedas,26000,Pisang Goreng Madu Bu Nanik,Jakarta Barat,100,4.7
Peyek Lin's / Peyek Kacang Lins,7500,Pisang Goreng Madu Bu Nanik,Jakarta Barat,5000,4.8
Kerupuk Seblak Pedas 200gr,12250,Utama.Snack,Surabaya,750,4.9
Seblak Bapper,16000,Pedas Gilaa,Surabaya,250,4.8
YIMS seblak instant pedas napol termurah khas garut kerupuk seblak teh,4125,Yimshop,Semarang,250,4.7
Bumbu Seblak Instan 15gr Bisa Untuk 2porsi,2900,Hokishopsurabaya,Surabaya,2,5.0
Seblak Instan Komplit Bumbu Basah,9859,Eatbam store,Jakarta Timur,70,4.7
Kylafood Seblak Kwetiaw play,19975,kylafood,Bandung,500,4.9
SEBLAK COBEK VIRAL ALA RAFAEL DIJAMIN ENAK,6000,Uai Food,Surabaya,90,4.3
"Basreng 100 gram Ori, Seblak, Pedas Manis, Super Pedas isi 100gr",7599,Grosir Besar Kalimantan,Banjarbaru,60,4.6
kerupuk seblak pedas coin 100g,6000,Toko Yazid Cita Rasa,Bandung,11,4.0
SEBLAK KOMPLIT 160GR/ SEBLAK PEDAS,8560,KlanStoreMalang,Malang,3,5.0
Kerupuk Seblak BANTET Pedas /Seblak Pelangi,15840,Golden Cakery,Jakarta Pusat,100,4.8
seblak mix kerupuk campuran viral pedas daun jeruk,41999,GROSIR SEBLAK BANDUNG VIRAL,Kab. Bandung,30,4.9
âœ”MURAH Bumbu Masak Cap ATOM BULAN Halal / Instan Cimol Seblak Cilok,17750,Hokishopsurabaya,Surabaya,100,5.0
Seblak Instan Kang Atha,3550,Kripik Kita Indonesia,Kab. Kediri,30,5.0
kerupuk seblak bantet kemasan,5000,arsensnack,Kab. Bekasi,25,4.9
SEBLAK INSTAN FCK BANDUNG TERLEZAT SEBLAK INSTANT JAMUR FCK SEBLAK ACI,13000,Uai Food,Surabaya,500,4.6
Makaroni bantet pedas daun jeruk 1kg makroni bantet seblak pedas gurih,15760,camilanqu_shop,Kab. Majalengka,27,4.7
Kerupuk seblak bantet pedas 75 gr enak,4500,RIKI STORE 97,Kab. Bogor,23,5.0
Seblak Basranger Extra Pedas 200gr,17300,Rak Sebelah,Jakarta Pusat,250,4.9
Kerupuk Seblak Kerupuk Mawar Mentah 250Gram,9000,Sayur Segar Mimi Palembang,Palembang,6,5.0
Kerupuk Seblak Bantet Super Pedas Daun Jeruk,8950,Althafun,Kab. Mojokerto,22,5.0
Cuanki Batagor besar isi 25 pcs toping seblak baso Aci bakso cuanki,8600,Distributor Cuanki dan Seblak,Kab. Bekasi,250,4.9
Cuankie Batagor Mini topping baso aci / seblak,9999,Pusat Cuankie & Cemilan Frozen,Jakarta Timur,250,4.8
KRUPUK / KERUPUK MENTAH / KERUPUK SEBLAK MENTAH 1kg KEONG WARNA,5625,CIPTA-RASA.,Bandung,21,5.0
Kerupuk Mawar Mentah/ Kerupuk Seblak Rafael 1 Kilo,22500,Kerupuk Anta Kuncir,Bekasi,22,5.0
Seblak instan yoi enak dan kenyang,7500,SeblakYoi,Bekasi,500,4.9
Seblak Kerupuk Bawang Bantet 100 grm Pedas Daun Jeruk Cemilan Pedas,5000,seblak csc,Kab. Bandung,70,4.8
SUKRO CIKUR RENYAH NGEPROS isi 1KG Pelengkap Baso Aci Cuanki Seblak,31999,gaiagarut,Kab. Garut,100,5.0
"[ Buy 5 Get 5 ] Special Bedug Package (Baso Aci, Seblak, Keju Aroma...",88000,Sajodo Snack & Food,Tasikmalaya,22,4.9
Kylafood Seblak Mie Baso,24750,kylafood,Bandung,4000,4.9
Bumbu Penyedap Baso Aci / Seblak,14500,Pusat Cuankie & Cemilan Frozen,Jakarta Timur,250,4.9
Kylafood Paket 2 Seblak Original 3 Batagor Kuah,99000,kylafood,Bandung,250,4.9
Kerupuk Seblak Rafael Viral,21999,Golden Cakery,Jakarta Pusat,70,4.9
Kerupuk HIJAU Bawang 250gr SEBLAK,6000,yohangunawan94,Bandung,80,4.9
Kerupuk Bangka / Kerupuk Ikan Bangka,28000,Pisang Goreng Madu Bu Nanik,Jakarta Barat,250,4.7
Kerupuk Kampung / Kerupuk Kampoeng / Kerupuk Bawang,18000,Pisang Goreng Madu Bu Nanik,Jakarta Barat,750,4.9
Kemplang Panggang Gepeng Palembang 189,46000,Pisang Goreng Madu Bu Nanik,Jakarta Barat,500,4.9
Kerupuk Keriting Palembang,28000,Pisang Goreng Madu Bu Nanik,Jakarta Barat,1000,4.9
Keripik Kentang Pedas Tridara Snack,16500,Pisang Goreng Madu Bu Nanik,Jakarta Barat,750,4.9
Keripik Singkong Pedas Balado Padang Sari Roso,35000,Pisang Goreng Madu Bu Nanik,Jakarta Barat,250,4.8
Kerupuk Ikan Tenggiri (Asli Ikan Tenggiri),17000,Pisang Goreng Madu Bu Nanik,Jakarta Barat,1000,4.9
Keripik Singkong Keju Sari Roso,26000,Pisang Goreng Madu Bu Nanik,Jakarta Barat,250,4.8
Stick / stik otak-otak Bu Nanik,10000,Pisang Goreng Madu Bu Nanik,Jakarta Barat,750,4.7
Kerupuk Rambak Sapi Seven Snack,15000,Pisang Goreng Madu Bu Nanik,Jakarta Barat,1000,4.9
Cabe bubuk special baso aci & seblak,11999,aghniya,Tangerang Selatan,250,4.9
BASRENG & SEBLAK KERING 366 PEDAS MANTAP,13000,Warung Entong,Bandar Lampung,26,5.0
KERUPUK JABLAY/KERUPUK SEBLAK RASA PEDAS,19500,aurel prima snack,Jakarta Barat,40,4.9
kerupuk seblak bintang pedas,15500,keyz shop78,Bandung,70,4.8
Batagor Lidah Renyah Pelengkap Seblak Baso Aci atau Cuanki,15900,afcbandung,Bandung,100,4.9
PAKET MIX HEMAT 25 BASO ACI/BOCI/SEBLAK/CUANKI,46530,ArfaOnlineShop,Tangerang,90,4.9
BATAGOR Seblak 100gr Baso Tahu Goreng Siap Makan,1500,yohangunawan94,Bandung,100,4.9
U Mart - Kerupuk Merah Gado Gado/Bubur Ayam 1 kg Krupuk Orange Seblak,22500,U Mart Indonesia,Jakarta Selatan,100,4.9
seblak bapper instan,23000,JAJANAN_MAKASSAR,Makassar,24,5.0
COD 1KG CIMOL SNACK PEDES SEBLAK VIRAL CEMILAN LEBARAN IDUK FITRI,18210,Grosir Besar Kalimantan,Banjarbaru,8,5.0
paket hemat 4 seblak aceng 4 cuanki instan dan 4 baso aci,55000,cemilan Bandungstore,Cimahi,11,5.0
[READY MEDAN] Seblak Marenta Instan Asli Bandung Komplit Pedas Gurih,18000,CemilanPuas,Medan,50,5.0
KERUPUK OREN 1KG TOPPING SEBLAK,21000,Pusat Cuankie & Cemilan Frozen,Jakarta Timur,50,4.9
Kerupuk seblak mentah/kerupuk ikan udang/kerupuk Oren 250gram.,7500,Ambar rempah,Tangerang Selatan,2,5.0
kerupuk seblak pedas daun jeruk netto 100grm,5300,ADDARSNACK,Kab. Cianjur,40,5.0
cuanki lidah khas garut 50 pcs enak untuk baso aci dan seblak ( BRY ),15999,aghniya,Tangerang Selatan,500,4.9
kerupuk seblak pedas jeruk 500gr,18000,dvn makaroni,Tasikmalaya,14,5.0
Seblak Coet Mawar Pedas Kering Daun Jeruk ala Mang Rafael,10499,Jember Snack Time,Kab. Jember,30,5.0
Seblak Cobek Seblak Rafael Seblak Ala Rafael_1616 Seblak Sambel Kencur,8782,NomeL Shop,Surabaya,60,4.5
(500g) KERUPUK SEBLAK CK DAUN JERUK SNACK MAKANAN RINGAN | Hamba Snack,7044,Hamba Snack,Bogor,3,5.0
Gelichips Seblak Kering Gurih isi 260gram - Combo Seblak Kering 4pcs,43500,Lidigeli,Kab. Garut,50,5.0
1kg GURILEM Siomay Mini bahan Pelengkap Boci seblak dan cuanki,29500,lahawelah,Kab. Garut,750,4.9
Kikoya Snack Sapi Panggang / Balado / BBQ / Rumput Laut / Seblak Sunda,1000,The Nut House,Surabaya,100,4.9
Seblak Mommy Instan Rasa Original Kemasan Cup,11975,Beuki Mart,Bandung,20,5.0
Gelifood Combo 3pcs Seblak Ceker Tanpa Tulang Super Pedas,85000,Lidigeli,Kab. Garut,60,4.7
[ 500gr ] Kerupuk Mentah / Krecek Bawang Untuk Bahan Seblak,10500,Kerupuk Ikan Udang,Kediri,40,4.9
Kerupuk mawar kecil krupuk seblak rafael mentah cocol coet cobek 250gr,8500,Hanun Shanum,Surakarta,12,5.0
Krupuk Mawar/Seblak Rafael,8800,Delicious Bali,Kab. Badung,15,5.0
Kerupuk Seblak Bungkus imut isi 10/Pak Jajanan Murah,6500,SerbaAda_6699,Bandung,12,5.0
seblak kering bantat kerupuk bawang Ekstra pedas daun jeruk( 1 KG),22500,ngemil sipedas,Kab.Ciamis,30,4.8
Somay mini Gurilem batagor mini toping seblak baso Aci cuanki 1kg,28500,Distributor Cuanki dan Seblak,Kab. Bekasi,250,4.8
Seblak Instan Ceu Nthien Khas Bandung Rasana Ngeunah Pisan,17000,Central Seblak Nusantara,Tangerang Selatan,2000,4.9
KERUPUK KRUPUK SEBLAK PEDAS 250 GR,14000,TOKO KUE MEISYA,Jakarta Pusat,250,4.9
kerupuk seblak bantat kriwil syahrini 250gr oleh oleh bandung,19000,SIMANALAGI-KOSAMBI-BANDUNG,Bandung,100,4.9
Kerupuk Mentah seblak 1kg,20000,DINAYASHOP,Jakarta Barat,90,4.5
seblak mawar kerupuk seblak mawar pedas daun jeruk 500 gram,23000,Qie snack,Kab. Jember,12,5.0
SEBLAK INSTAN | SEBLAK INSTAN HOMEMADE SUPER LENGKAP,4899,Kairashop_id,Surabaya,70,4.6
Kerupuk / krupuk seblak kencur kering pedas kiloan / makanan ringan,8000,MuezzaSnack,Kab. Cirebon,16,4.9
KRUPUK / KERUPUK MENTAH / KERUPUK SEBLAK MENTAH 200gr MAWAR WARNA,5750,SuperSnacksShop,Kab. Bandung,100,4.9
Kerupuk seblak cap ikan | kerupuk cap ikan | Medan,7000,Side Rose,Medan,100,5.0
seblak kerupuk bawang pedas daun jeruk 100 gram gurih renyah,6500,Seblak.Dede 02,Kab. Bandung,50,4.9
COD 1KG KRUPUK SEBLAK PEDAS KERUPUK JERUK PURUT SUPER PEDES,13200,Grosir Besar Kalimantan,Banjarbaru,8,5.0
"Paket Happy (Seblak Original, Batagor Kuah, Bacil)",59000,kylafood,Bandung,500,4.9
cuanki tahu kering seblak isi 50 pcs toping seblak baso aci,12500,CUANKI CULAMETAN,Kab. Garut,750,4.9
Sukro pilus Cikur Sari rasa 1kg - toping seblak - baso aci,35000,Distributor Cuanki dan Seblak,Kab. Bekasi,100,4.7
KERUPUK MAWAR TERUNG KECIL 250 GRAM SEBLAK COET COCOL,8500,Pixie By Cynthia,Semarang,70,5.0
Seblak Instan Jontor Plus Bumbu Kencur - Seblak Pedas Medok,8100,snackbox88,Bekasi,100,5.0
Gelichips Seblak Kering Sebring Camilan Kerupuk Pedas Daun Jeruk 65 gr,12900,Lidigeli,Kab. Garut,100,4.7
Kerupuk Seblak Pedas Original,6000,V3 OnSHop,Surabaya,40,4.5
kerupuk seblak kering mangar manggar jaat akar pedas 250 gram,11500,Qie snack,Kab. Jember,8,4.8
CUANKIE SIOMAY ISI 50 TOPPING BASO ACI / SEBLAK,18000,Pusat Cuankie & Cemilan Frozen,Jakarta Timur,40,4.5
Seblak Kuah Mamang Rafael ORIGINAL HALAL VIRALLLL BARU DARI MAMANG RAFAEL,45000,Beauty DELUXE,Jakarta Barat,3,5.0
Kylafood Seblak Rempah Autentik isi (10pcs),116100,kylafood,Bandung,100,4.9
Kerupuk Seblak / Seblak / Kering Pedas /,10000,Anggris store,Kab. Bogor,90,5.0
krupuk seblak pedas daun jeruk,10000,toko cemilan rafiqi,Jakarta Barat,100,4.9
Kerupuk seblak Mawar / Seblak Rafael / Seblak viral 500 gr,18500,Bintang Snack & Camilan,Semarang,30,5.0
Kylafood Mix Pentol Kuah dan Batagor Kuah,48450,kylafood,Bandung,100,4.8
Kerupuk Seblak Kering Bumbu Pedas CIkruh Daun Jeruk Box | Snack Teman,17500,Snack Teman,Bandung,30,4.9
Cuanki Baso Tahu Kering ISI 150pcs untuk Seblak dan baso aci,41999,gaiagarut,Kab. Garut,1000,4.9
Seblak kerupuk bintang pedas ekstra daun jeruk 100 gram,5000,Seblak putra bandung,Kab. Bandung,70,4.9
"150 Pcs CUANKI SIOMAY Kering Topping Pelengkap Baso Aci, Seblak",34500,Endo Shop ID,Kab. Garut,40,4.9
Bumbu baso aci cuanki seblak instan sachet,400,CUBAfoods,Bekasi,23,5.0
Kylafood Batagor Kuah,24225,kylafood,Bandung,10000,4.9
Seblak Kering Gurih 65gram,12900,Lidigeli,Kab. Garut,100,5.0
Kylafood Toping Batagor,9360,kylafood,Bandung,2000,4.9
Pasar Keripik Cimol Seblak Pedas size Kecil 130g,12500,Pasar Keripik Bandung,Bandung,500,4.9
kerupuk mentah seblak rafael 250gr,9000,WarungJulakBjm,Banjarmasin,5,5.0
Kerupuk Putih 250 gr Krupuk Sumbersari Kurupuk Sumber Sari Seblak,7500,Celikafood,Bandung,100,4.8
Kerupuk Krupuk Keriting Mawar Putih Mentah Seblak Asli Original,5850,Kyta Bae,Kab. Sumedang,50,5.0
Krupuk seblak mawar rafael pedas 250gram,12500,Markas Makaroni,Kab. Bekasi,250,4.8
250 GR KERUPUK SEBLAK BETON PEDAS DAUN JERUK,19799,Kairashop_id,Surabaya,2,5.0
Seblak Mommy,14700,Gerai Snack Official Shop,Kab. Tangerang,2000,4.6
Kylafood Paket 4 Seblak Original 1 Batagor,91000,kylafood,Bandung,1000,4.9
Bakso Aci Seblak Mie instant baso kekinian halal murah enak,6999,Maya Light Electro,Tangerang,50,4.7
KERUPUK SEBLAK PEDAS 100GR | SNACKMAMA,8000,snackmama_medan,Medan,40,4.9
seblak instan isi 250g / seblak bondol / seblak pedas / kuliner bondol,17999,KULINER KHAS SUKABUMI,Kab. Sukabumi,100,5.0
Kylafood Batagor Kuah Play,27075,kylafood,Bandung,1000,4.9
Baso Aci Chuanki  AA Boci 130 gram,15000,Dingdong Food,Tangerang Selatan,14,5.0
Kylafood Mix Batagor Kuah dan Mie Kocok,47175,kylafood,Bandung,60,5.0
Bumbu Seblak Basah Instan Dapur Tins,51997,lilnazkitchen,Jakarta Selatan,30,5.0
Seblak Bapper Bikin Nagih Parah Extra Mie Kuning 120gr,19700,Gerai Snack Official Shop,Kab. Tangerang,60,4.9
"KHUSUS GROSIRAN - SIOMAY cuanki isi 750pcs Toping Baso Aci, Seblak kha",194999,gaiagarut,Kab. Garut,18,5.0
[READY MEDAN] Extra Topping Baso Aci Cuanki Seblak - Tahu Siomay Mini,4000,CemilanPuas,Medan,500,4.5
Seblak Kerupuk Pelangi Bantat Pedas Gurih 250g,12500,N.snack_,Bandung,15,5.0
KRUPUK / KERUPUK MENTAH / KERUPUK SEBLAK MENTAH 1kg MAWAR WARNA,21750,SuperSnacksShop,Kab. Bandung,100,4.9
KRUPUK / KERUPUK MENTAH / KERUPUK SEBLAK MENTAH 1kg BELIMBING PUTIH,21750,SuperSnacksShop,Kab. Bandung,16,5.0
Krupuk Stik Seblak /pedas 1kg,12000,Hosana Snack,Bogor,80,4.9
SEBLAK INSTAN MANG MUSS,13999,Seblak Mang Muss,Tasikmalaya,750,4.9
Cuanki tahu Gepeng Geprek isi 20 pcs toping seblak baso Aci baso,8500,Distributor Cuanki dan Seblak,Kab. Bekasi,100,4.8
Baso Aci Instan Culametan khas Garut (isi 12),5999,CUANKI CULAMETAN,Kab. Garut,4000,4.9
cuanki instan hot jeletot / Cuanki,3000,ismileusa_id,Kab. Bandung,1000,4.6
Baso Aci Instan Culametan khas Garut,5500,CUANKI CULAMETAN,Kab. Garut,4000,4.9
Bocirat Kriwil Jumbo Tulang Rangu Termantap  | Dapur Seuhah,19740,Foodstocks,Jakarta Selatan,250,4.6
Baso Aci Instan Culametan khas Garut ( isi 6 ),4500,CUANKI CULAMETAN,Kab. Garut,4000,4.9
Kerupuk SEBLAK MAWAR Rafael - Cikruh Daun Jeruk,20000,KRIUK JAYA,Jakarta Barat,100,4.9
SEBLAK JUMBO + SOSIS INSTANT,7450,Pusat Cuankie & Cemilan Frozen,Jakarta Timur,1000,4.8
Kerupuk Kering 250g Bahan Seblak Variasi Lengkap by GG,5500,gaiagarut,Kab. Garut,60,5.0
KRUPUK / KERUPUK MENTAH / KERUPUK SEBLAK MENTAH 1kg KEONG WARNA,21750,SuperSnacksShop,Kab. Bandung,100,4.9
(250g) SNACK MAKANAN RINGAN KERUPUK SEBLAK CK DAUN JERUK,7987,Salira Snack,Bogor,5,5.0
Seblak Ceker pedas ( 1 pak isi 20 pcs 200g ),9500,Eve'O'Mall,Kab. Tangerang,27,5.0
Seblak kerupuk udang pedas,8000,Anasis,Bandung,100,5.0
KRUPUK / KERUPUK MENTAH / KERUPUK SEBLAK ANGKA 8 5KG,108000,SuperSnacksShop,Kab. Bandung,3,5.0
"500 pcs Cuanki Lidah Kemasan Besar Topping Baso aci, seblak, cuanki",106000,Endo Shop ID,Kab. Garut,250,4.9
KIRIM INSTAN Kerupuk Seblak Orange 250gr,8780,Sayur Express,Jakarta Selatan,14,4.9
Kerupuk seblak 500 gram Pedas gurih,25000,RIKI STORE 97,Kab. Bogor,11,5.0
Sebring-Seblak Kerupuk Bantet Pedas Gurih Cabai Asli 500Gr,25000,milikstore,Bandung,40,4.6
KERUPUK KRUPUK JABLAY SEBLAK PELANGI KILOAN TERLARIS 250 GRAM,18000,toko kue pundi mas,Jakarta Pusat,100,4.9
SEBLAK BAPPER INSTAN EXTRA HOT,15900,Ss_Frozenfood,Jakarta Timur,250,4.9
krupuk seblak mawar,8500,ditysHopR3,Malang,11,5.0
Aneka Jajanan Seblak Viral Khas Jawa Barat,16700,Gerai Snack Official Shop,Kab. Tangerang,8,5.0
Kerupuk Seblak Pedas,13591,Qumara Cemal Cemil,Malang,40,5.0
"CUANKI LIDAH ISI 50 PCS ( TOPPING BASO ACI, SEBLAK , DLL )",23500,Chsnackmedan,Medan,14,5.0
KRUPUK / KERUPUK MENTAH / KERUPUK SEBLAK MENTAH / BAWANG 250 GR,7500,SuperSnacksShop,Kab. Bandung,80,4.9
seblak rafael / seblak coet / seblak cocol,7500,babykhai,Kab. Bekasi,250,4.8
Kerupuk Bunga Pedas Seblak Aneka Snack by Homifood,4000,DVA fashion and beauty,Bandung,3,5.0
SEBLAK instan Murah ENak Lengkap,8000,kakai_store10,Kab. Bantul,26,5.0
KERUPUK PEDAS KRIWIL BANTAT ISI 250gr KRITING SEMBRING SEBLAK MAWAR,17248,AHR Jaya Snack,Jakarta Timur,80,4.8
Seblak Instan,8000,ROEMAH MOSLEM,Kab. Boyolali,70,5.0
kerupuk seblak kencur pedas gurih,5500,RIKI STORE 97,Kab. Bogor,40,4.6
KERUPUK CAP IKAN 80 GRAM JANGEK SEBLAK BUNGA KEONG KEPANG PITA ORONG,8000,Snacky Medan,Medan,70,5.0
seblak krupuk pedas gurih 250gr,5000,wangmart,Bandung,9,5.0
KERUPUK PEDAS SEBLAK JABLAY WARNA WARNI KILOAN TERLARIS 25OGR,12000,TOKO KUE MEISYA 2,Jakarta Pusat,70,4.9
Kerupuk Mawar isi 250g Bahan Seblak by GG (Bisa COD/Grosir/Kargo),7500,gaiagarut,Kab. Garut,15,4.8
BELI 3 SEBLAK FREE 1 KEJU AROMA,63000,Sajodo Snack & Food,Tasikmalaya,40,4.7
kerupuk bawang orange - kerupuk seblak 250gr,7500,Tukangsayurmbakyu,Tangerang Selatan,100,4.9
kerupuk seblak rafael seblak mawar 1 kg,11500,zyvasnack,Kab. Purworejo,6,4.5
Cuanki Kriboow Goreng Selera Martini - Cuanki Instan,14500,Foodstocks,Jakarta Selatan,70,4.9
pilus kencur Sukro cikur kiloan 1 kg toping baso aci seblak,34999,Culametan Food,Kab. Garut,5,5.0
Cuanki Kriboow Selera Martini - Cuanki Instan,13485,Foodstocks,Jakarta Selatan,250,4.9
"siomay mini,  gurilem cimol pangsit 500 gram toping baso aci seblak",13500,Culametan Food,Kab. Garut,14,4.5
Gurilem Sangarrr,13000,The Little Snacks,Tangerang Selatan,2000,4.7
Makaroni Ceu Wewei 1kg,65000,Makaroni Ceu Wewei,Kab. Tangerang,70,5.0
Gurilem Sangarrr,13000,The Little Snacks,Tangerang Selatan,1000,4.8
Basreng,14000,TokoPrada,Tangerang,2,5.0
1000gr1kgKrupuk seblak mentah murah,19000,Hana snack1,Surabaya,11,5.0
Kerupuk Seblak Pedas Fortuna (isi 12),11000,Vivflo Shop,Jakarta Selatan,70,5.0
Kerupuk Seblak Rafael 100g / Sebring / Kerupuk Mawar Pedas Daun Jeruk,10810,vieka mart official,Tangerang Selatan,30,4.6
Basreng Sangarrr,19900,The Little Snacks,Tangerang Selatan,750,4.7
Baso Aci Mie Nyemek Teh Shanty Original Lengkap Dengan Gurilem 200g,23700,Gerai Snack Official Shop,Kab. Tangerang,100,5.0
kerupuk seblak kencur 500gram,20900,08lancarsukses,Sukabumi,20,5.0
Cuanki Lidah 130gram Isi 20 / Cuanki Toping Baso Aci Seblak,7200,TOKO BILQIS OFFICIAL STORE,Kab. Jombang,60,4.6
Sukro pilus Cikur Sari rasa 500 g - toping seblak - baso aci,18000,Distributor Cuanki dan Seblak,Kab. Bekasi,100,5.0
kerupuk seblak kencur 1 pack (110 gram),8000,eibihijabidn,Kab. Sukoharjo,6,5.0
Kerupuk Kepang Taraje isi 250g Bahan Seblak by GG (Bisa COD/Kargo),7500,gaiagarut,Kab. Garut,9,5.0
Sabring kerupuk seblak kering pedas 75 gram,5000,RIKI STORE 97,Kab. Bogor,28,4.2
KERUPUK SEBLAK KERING BANTAT RAFAEL PEDES DAUN JERUK 250 GRAM,19000,Madinah Oleh Oleh Bdg,Bandung,90,5.0
SIOMAY MINI KERING ASLI BANDUNG / TOPING SEBLAK / TOPING BASO ACI !,7000,UBatagor,Kab. Bandung,3,5.0
Kerupuk Seblak Bantet 100 gram-Tantaz Snack,8500,tantaz_Snack,Tangerang Selatan,60,5.0
Kerupuk Seblak Mentah 500gr - Krupuk Oren Matahari Pagi MP - Kemplang,10000,Cuanki_Bandung,Kab. Bandung,70,5.0
SEBLAK CIKRUH KERUPUK BANTAT,8000,Basreng MeyMey,Kab. Bandung,29,5.0
Seblak kering mix pedes daun jeruk Mega Snack 095,15000,Mega Snack 095,Cimahi,6,5.0
SEBLAK INSTAN BANDUNG KUAH PEDAS,5000,CraftFla,Tangerang Selatan,15,5.0
SiBumbu Seblak 15g,2000,Zada Frozen Food,Surabaya,6,5.0
Kerupuk Bibir Warna Warni Kerupuk enakKerupuk Seblak,5000,Pasar Ta Makassar,Makassar,3,5.0
Cipet somay kering segitiga isi 20 pcs toping seblak baso Aci cuanki,6999,Distributor Cuanki dan Seblak,Kab. Bekasi,250,4.8
Kerupuk Seblak,9000,SNACK JAKARTA 411,Jakarta Barat,500,5.0
SEBLAK INSTAN SIAP SAJI,15897,nyemilsaji,Kab. Bandung,1000,4.8
Seblak Komplitâ €â €,5500,lisdhacollection,Kab. Garut,4000,4.8
seblak kering rafael pedas daun jeruk / kerupuk seblak mawar 250 gram,13537,cemilan ti lembur,Bandung,50,5.0
SEBLAK BLAKAN | Seblak & Baso Aci Instan JUMBO Asli Sukabumi,17000,seblakblakan,Kab. Sukabumi,21,5.0
kerupuk seblak kering pedas 500 gr hot spicy keripik enak,22000,JAGO TOK PETOK,Surabaya,100,4.9
KERUPUK LOTEK / KERUPUK SEBLAK / KERUPUK ORANYE (MENTAH) per 250gr,7983,AYO BELANJA AYO MASAK - BY CERITA DAPUR BUNDA,Kab. Bantul,100,5.0
seblak basreng pedas original exstra daun jeruk 500gram,25000,seblak bandung99,Kab. Bandung,2000,4.8
Kerupuk Orange / Kerupuk Seblak 250gr / Kerupuk Mentah - BawangBagus,7500,BawangBagus,Tangerang,13,5.0
Kerupuk Kuning 250g Bahan Seblak by GG (Bisa COD/Grosir/Kargo),5500,gaiagarut,Kab. Garut,4,5.0
aneka kerupuk seblak kemasan 250gr,7550,cemilanmentahjakarta,Jakarta Utara,9,5.0
seblak kering bumbu kacang(100gr),4999,seblak_joy,Kab. Bandung,20,5.0
"cuanki sohu khas garut -+100 btr enak,renyah cocok baso aci,seblak dll",14999,aghniya,Tangerang Selatan,250,5.0
Kerupuk mawar putih mentag 250gram / kerupuk ikan / seblak viral,8000,Semesta kerupuk,Tangerang Selatan,13,5.0
Kylafood Mix Pentol Kuah dan Seblak Original,42500,kylafood,Bandung,60,4.9
Kerupuk Seblak Super Kering Tersayang,4025,Gudang Riyadh,Kab. Purwakarta,11,5.0
KRUPUK / KERUPUK MENTAH / KERUPUK SEBLAK IKAN FUJI 500GR,18000,SuperSnacksShop,Kab. Bandung,10,5.0
Kerupuk Seblak Mawar Kriwil Pedas 60gr ANABA,2911,Siaga Lapak,Malang,70,5.0
"seblak krupuk 5000 ,hot pedas dan gurih - Pedas, 100gr",7999,seblak mitoha,Kab. Bandung,40,4.5
kerupuk bawang orange seblak - 250 gr,8500,annamustikashop,Jakarta Barat,30,5.0
KERUPUK SEBLAK PEDAS KRIUK 100 GRAM,7500,AUFARO SNACK,Kab. Bandung Barat,6,5.0
seblak basah instan komplit 200gr,12000,Kickball Official,Bandung,70,5.0
SNACK KILOAN MURAH MAKASSAR l KERUPUK SEBLAK PEDAS,33000,Snack Uenak,Makassar,7,5.0
KRUPUK / KERUPUK MENTAH / KERUPUK SEBLAK IKAN FUJI 1KG,35000,SuperSnacksShop,Kab. Bandung,24,5.0
Kerupuk Seblak Bantat/Bantet 1kg Pedas Daun Jeruk,38500,TokoJaneeta,Kab. Garut,90,4.9
Kerupuk Putih Mentah Kerupuk Seblak Kerupuk Ikan Kerupuk Bawang 250gr,7500,Hello Cell & Distro,Bandung,3,5.0
kerupuk seblak pedas daun jeruk 100g,6000,hokinaCemilan,Cimahi,250,4.8
Seblak Instan Kumplit Seblak Instan Murah Tapi Rasa Gak Murahan,6000,dianspshop,Kab. Garut,100,5.0
kerupuk mix 250 gram campuran seblak,7399,ArfaOnlineShop,Tangerang,80,5.0
Geli Food Seblak Ceker Tanpa Tulang Super Pedas 180gr,29000,Lidigeli,Kab. Garut,100,4.9
Seblak instan komplit / seblak instan murah,5000,ismileusa_id,Kab. Bandung,750,4.8
"Seblak Rafael, Seblak Coet Instan Halal",25000,Brother Meat Shop,Jakarta Selatan,750,5.0
Paket Isi 6 Cuanki Instan Lakoca | Batagor Instan | Seblak Basah GFS,93840,Lakoca Official Shop,Cimahi,100,4.8
Seblak Instan Kenyang Murah Asli Bandung Reseller Tanpa Pengawet,7138,Berkah Food Bandung,Cimahi,7000,4.9
krupuk seblak hah pedas gurih 1kg,53000,Markas Makaroni,Kab. Bekasi,500,5.0
seblak kencur / okesnack,10000,oke snack,Jakarta Selatan,750,4.9
KERUPUK SEBLAK VIRAL RAFAEL,5500,D'gegaresan,Jakarta Utara,100,4.3
siomay mini kering 250 gram toping seblak baso aci,7999,CUANKI CULAMETAN,Kab. Garut,250,4.8
"KERUPUK SEBLAK MENTAH ANEKA WARNA - Bawang Oren, 500 gram",12500,jajanangarut19,Jakarta Selatan,500,4.8
GFS Seblak Basah Instan Original - Tinggal Seduh 3 Menit Langsung Siap,16618,Lakoca Official Shop,Cimahi,100,4.9
Seblak Instan Premium Bangsatria,21000,Foodstocks,Jakarta Selatan,30,5.0
seblak keong pedas maknyus,10000,jajansnacks jkt,Jakarta Barat,100,4.9
Seblak Instant Basranger Extra Pedas Daun Jeruk (200gr),19700,Gerai Snack Official Shop,Kab. Tangerang,100,4.9
CAMILAN SEBLAK PEDAS 250GR JAJANAN OLEH-OLEH SNACK KILOAN CAMILAN KILO,12500,LARISSA SNACK STORE,Semarang,100,4.9
seblak kerupuk kemplang bawang pedas daun jeruk,40500,basreng sultan bandung viral,Kab. Bandung,3,5.0
Paket Seblak Original Bandung - Baso Aci,8500,RZTSHOP86,Bandung,250,4.9
Siomay Segi Tiga Topping Seblak dan Baso aci Murah,4000,Kerabat Official Store,Kab. Tasikmalaya,5,5.0
Kerupuk Bawang Prima / Krupuk Seblak 100gram,8000,Parengge Rengge bumbu & rempah,Jakarta Timur,4,5.0
Kylafood Spesial 3.3 (1 Seblak Original 1 Batagor Kuah Free Cireng),65000,kylafood,Bandung,22,5.0
kerupuk seblak pedas daun jeruk 1 kg,42000,hokinaCemilan,Cimahi,100,5.0
(PROMO MURAH) Seblak instan jajanan khas bandung by karoppotta,8380,karoppotta official,Makassar,100,4.9
seblak mix campuran pedas daun jeruk viral tiktok tok,39999,basreng sultan bandung viral,Kab. Bandung,60,5.0
Gelichips Seblak Kering Sebring Camilan Kerupuk Pedas Daun Jeruk 65 gr,12900,Lidigeli,Kab. Garut,100,4.7
Kerupuk Bawang Warna 5 Kg (BALL) Kerupuk Seblak / Kerupuk Mentah / Ker,86300,Distributor Topping Baso Aci,Bandung,6,5.0
KRUPUK STIK RASA UDANG CAP PADI KAPAS KHAS INDRAMAYU BISA BUAT SEBLAK,21500,dariimyu,Kab. Indramayu,500,4.9
Penawaran Terbatas Kerupuk Seblak Mawar Kribo Pedas Daun Jeruk,20000,milandualima,Jakarta Selatan,3,5.0
kemasan 500 gram kerupuk seblak rafael /jual sebring viral,25000,eatmeaddict1512,Jakarta Selatan,5,5.0
Seblak Instan Sehati,13000,Official Kartika Sari,Bandung,750,5.0
KRUPUK / KERUPUK MENTAH / KERUPUK SEBLAK MENTAH 200 GR MAWAR KUNING,5750,SuperSnacksShop,Kab. Bandung,30,4.9
Kerupuk seblak mawar bantet 1 kg,48000,Markas Makaroni,Kab. Bekasi,30,5.0
KERUPUK BAWANG ANEKA WARNA KRUPUK SEBLAK MENTAH WARNA WARNI,13500,BociKakang,Jakarta Selatan,250,4.8
cuanki/cuankie lidah isi 100 pcs baso Aci/boci/seblak,26399,ArfaOnlineShop,Tangerang,70,4.9
kerupuk seblak kencur pedas buat camilan cemilan atau lauk,15000,arlano,Surakarta,13,5.0
cuanki tahu kering seblak isi 50 pcs toping seblak baso aci,12500,CUANKI CULAMETAN,Kab. Garut,750,4.9
Kerupuk Seblak Rafael Pedas / Seblak Mawar Pedes - Duo Bocil Snack,16000,DUO BOCIL SNACK,Depok,250,4.9
Seblak Hot Spicy By Bapper Food / Seblak Instant Khas Bandung,19110,Foodstocks,Jakarta Selatan,250,5.0
Paket Isi 4 Batagor Instan | Makaroni Basah | Seblak Basah,64906,Lakoca Official Shop,Cimahi,30,4.9
Gelifood Combo 3pcs Seblak Ceker Tanpa Tulang Super Pedas,85000,Lidigeli,Kab. Garut,60,4.7
Kerupuk seblak beton cikruh pedas daun jeruk / seblak beton bantat,12112,cemilan ti lembur,Bandung,30,5.0
SEBLAK KERING CIKRUH BUMBU KACANG VARIAN SIOMAY,10799,Simshop_,Cimahi,3,5.0
seblak kerupuk bantat pedas daun jeruk renyah gurih cemilan Hah keripi,25000,basreng teteh99,Kab. Bandung,60,4.8
SEBLAK TULANG RANGU NYAIMERCON,21145,makanyukbekasi,Bekasi,60,5.0
SEBLAK CAMPUR/MIX CAMPUR KERUPUK SEBLAK JENGKOL /PEDO/BETON/BASRENG NETO 500GRAM PEDAS FOOD,23500,seblak mitoha,Kab. Bandung,17,4.5
Seblak Kerupuk Instan Mawar 500gram Pedas Daun Jeruk,25000,Bandung_snack,Kab. Bandung,18,5.0
batagor mini kering / cuanki / siomay / seblak / bakso aci,16000,fahirastores,Kab. Bandung Barat,100,4.9
Kerupuk Warna Warni | Kerupuk Seblak 250 gr,6000,SAHABAT ANUGRAH STORE,Medan,7,5.0
Kerupuk Warna Warni | Kerupuk Seblak 250 gr,6000,ANUGRAH REJEKI BERSAMA,Medan,5,5.0
"krupuk mie kuning,pedas,sebring pedas,seblak,cemilan pedas daun jeruk,",20000,anugrah seblak,Kab. Bandung,70,4.2
SAMBAL BUMBU SEBLAK / SEBLAK INSTAN / SEBLAK PRAKTIS / PEDAS GURIH,3500,Uai Food,Surabaya,70,4.5
krupuk seblak bumbu kacang,16800,H Nugraha,Bandung,50,4.8
kerupuk seblak kering pedas seblak kemplang Bandung serba 2000,5500,Toko Ikhsan Cempaka,Bogor,5,5.0
KERUPUK | KRUPUK | SEBLAK | RANTAI / RANTE | KEPANG | WARNA WARNI | MENTAH | KERUPUK RANTAI WARNA,8155,Ekaria Boga,Kab. Banyumas,2,4.0
CIKEMAM- SEBLAK SEUHAH BANDUNG PEDAS HALAL,14900,CIKEMAM,Cimahi,90,4.9
kerupuk seblak pedas daun jeruk 1/2 kg,23000,hokinaCemilan,Cimahi,250,4.9
Seblak Ceker Sotong Sosreng fortuna Piksus ikan kerapu gurih Pedas,10000,masazies19,Kab. Madiun,80,5.0
Snack CeKelin Kerupuk Seblak Aneka Rasa 50g,7500,meimei0088,Semarang,1,5.0
1BALL Sukro Pilus Cikur Sarirasa isi 50pcs Pelengkap Baso Aci Seblak,25000,lahawelah,Kab. Garut,100,5.0
Kerupuk Seblak Beton Pedas 250g,14500,BandungBarayaSnack,Bandung,5,5.0
Seblak Soaci,14000,Pedas Gilaa,Surabaya,250,4.8
Kylafood Seblak Cup,14000,Kylafood Jakarta,Jakarta Selatan,250,4.9
Kerupuk Seblak Mentah 200gram,5400,Sayurku Co.,Malang,24,5.0
Kerupuk jeblay kiloan 1 kg pedas Kerupuk seblak,40000,RIKI STORE 97,Kab. Bogor,4,5.0
KERUPUK Merah Seblak 250gr [Repack],6250,PutraPerdana Food,Kab. Bekasi,5,5.0
Kerupuk Keong Warna Warni 250gr Krupuk Seblak Mentah,6000,Celikafood,Bandung,40,5.0
Kerupuk Putih Seblak Tenggiri | Mutiara Sari | 250gram | Kiloan Mentah,4999,Toko NRV Plastik dan Bahan Kue,Bandung,40,5.0
"seblak bintang,cemilan instan,siap makan,enak gurih,dan lezat",5000,anugrah seblak,Kab. Bandung,500,4.7
"Seblak kuah instan , Seblak khas garut a",6000,iwan resistans leather,Kab. Garut,19,4.5
seblak kering / seblak kerupuk krupuk putih bawang pedas / murah enak,7000,Jagoicip,Jakarta Pusat,7,5.0
KERUPUK | KRUPUK BAWANG | SEBLAK | GELUNG | UDEL | IKAN | BENTUK TUMPENG | WARNA WARNI | MENTAH | KERUPUK KEONG WARNA,8435,Ekaria Boga,Kab. Banyumas,4,4.3
Kylafood Seblak Original Play,19125,kylafood,Bandung,1000,4.9
siomay mini kering 1kg toping seblak baso aci,24999,CUANKI CULAMETAN,Kab. Garut,250,4.9
SEBLAK KERING 100gr DUA VARIAN RASA,4500,jajanangarut19,Jakarta Selatan,250,4.7
cuanki tahu gepeng isi 50 pcs toping seblak baso aci,19500,CUANKI CULAMETAN,Kab. Garut,100,5.0
Paket Isi 6 Makaroni Basah Instan | Seblak Basah Instan,93840,Lakoca Official Shop,Cimahi,15,4.8
cuanki pangsit segitiga atau cipet isi 40 pcs toping seblak baso aci,13999,CUANKI CULAMETAN,Kab. Garut,100,4.9
CUANKI TAHU KERING isi 500pcs Topping SEBLAK Cuanki Baso Aci,130000,jajanangarut19,Jakarta Selatan,30,3.6
Kylafood Seblak Rempah Autentik isi (5pcs),61275,kylafood,Bandung,250,4.8
Pasar Keripik Kerupuk Seblak Mawar Mini Pedas size Besar,28500,Pasar Keripik Bandung,Bandung,30,4.9
Keripik /cemilam snack/ kerupuk seblak pedas daun jeruk/100 gram,8000,eatmeaddict1512,Jakarta Selatan,50,5.0
Kerupuk Seblak Kering Putih Ngembang Khas Keripik Pojok Riki Mang Odod,13999,Keripik Edun Bandung,Kab. Bandung,50,5.0
kerupuk seblak mentah 250gr,10000,Ogan bumbu kering,Kab. Deli Serdang,14,5.0
KERUPUK SEBLAK JABLAY 250 GRAM,12000,TOKO KUE MEISYA,Jakarta Pusat,250,4.9
siomay mini kering 250 gram toping seblak baso aci,7999,CUANKI CULAMETAN,Kab. Garut,250,4.8
cuanki lidah isi 50 topping baso aci dan seblak,11999,Culametan Food,Kab. Garut,60,4.9
pangsit segitiga kering atau cipet isi 100 toping seblak baso aci,32999,CUANKI CULAMETAN,Kab. Garut,100,4.9
BUMBU BASO ACI SEBLAK 100gr,12000,jajanangarut19,Jakarta Selatan,250,4.9
Batagor Kering Mini Bisa untuk Seblak Dan Campuran Baso Aci,7000,RZTSHOP86,Bandung,27,4.9
Kerupuk Seblak Kencur Pedas 1 kg Termurah,8000,MuezzaSnack,Kab. Cirebon,27,4.8
Kerupuk seblak daun jeruk,15000,Camilan Raffa | 0881037981535,Denpasar,8,5.0
sebring/seblak kering elod pedas daun jeruk/original kriuk 250g.,15900,Syahla_Shop16,Kab. Bandung,2,5.0
Sabring kerupuk seblak pedas gurih,3000,RIKI STORE 97,Kab. Bogor,100,4.9
SEBLAK INSTANT | SEBLAK INSTANT KOMPLIT GROSIR | SEBLAK KACIDA CIKURNA,6500,'Cemilan Aqila,Kab. Bekasi,3,5.0
Seblak Cobek Pedas Coet Viral ala Rafael Bumbu Khas Rempah,15000,AMANA SNACK,Tangerang Selatan,27,5.0
Krupuk seblak//Krupuk Bantet 250gr,6000,Bunda alifba,Jakarta Barat,60,4.8
COD Kerupuk Seblak Kering 1kg Pedas Bantet Krupuk Seblak Kering Pedas,4939,Bawang Goreng Juara,Kab. Kuningan,2,5.0
cuanki tahu kering seblak atau batagor kering isi 150 pcs,32999,CUANKI CULAMETAN,Kab. Garut,250,4.8
Kylafood Seblak karuhun,11475,kylafood,Bandung,4000,4.8
Seblak Mommy,14700,Gerai Snack Official Shop,Kab. Tangerang,2000,4.6
Kylafood Seblak Mie Baso Sapi Play,23375,kylafood,Bandung,250,4.9
seblak kerupuk kering pedas 100 gram,5000,Nao_Qcrunch,Kab. Garut,50,5.0
BUMBU BASO ACI SEBLAK 100gr,12000,jajanangarut19,Jakarta Selatan,250,4.9
cuanki lidah 150 pcs toping seblak baso aci,35111,CUANKI CULAMETAN,Kab. Garut,500,4.9
Mie Seblak Geprek SamiRaos Original | Seblak Mie Instat Pedas,20000,Lemari Wanita,Jakarta Timur,16,5.0
"Kerupuk mawar mentah 250gr/500gr/1kg, cocok untuk seblak dan camilan.",17000,Kerupuk Enak 01,Kab. Tangerang,5,5.0
Cuankie Tahu Kriting premium topping baso aci / seblak,2500,Pusat Cuankie & Cemilan Frozen,Jakarta Timur,2000,4.8
KERUPUK SEBLAK MAWAR / SEBLAK KRIWIL KRIWUL PEDAS MURAH AUFARO SNACK,4000,AUFARO SNACK,Kab. Bandung Barat,15,5.0
seblak kerupuk jengkol pedas jeruk isi 500gr,14999,seblak mitoha,Kab. Bandung,3,4.0
"BUNDLING 2 (1 SEBLAK , 1 BASO ACI, 1 KEJU AROMA)",61000,Sajodo Snack & Food,Tasikmalaya,17,4.9
kerupuk kepang mentah bahan seblak dan cemilan,5000,DVA fashion and beauty,Bandung,6,5.0
Kylafood Seblak Rempah Autentik isi (10pcs),116100,kylafood,Bandung,100,4.9
"pangsit segitiga, cipet isi 20 pcs topping baso aci dan seblak",6999,Culametan Food,Kab. Garut,20,5.0
Kylafood Seblak Kwetiaw,19975,kylafood,Bandung,4000,4.9
Seblak Rempah Autentik Kyla Food Khas Bandung 115 g,16700,Gerai Snack Official Shop,Kab. Tangerang,60,5.0
siomay kering 1kg isi 150 pcs toping seblak baso aci,34999,CUANKI CULAMETAN,Kab. Garut,90,4.9
KERUPUK JABLAY BANTET / KERUPUK JABLAI MINI / KERUPUK SETAN / KERUPUK SEBLAK KECIL,13000,ngemildotcom,Depok,12,5.0
Krupuk Ikan Coin Super Pedas Camilan Kerupuk Seblak Cemilan Snack 100g,8000,Panen Raya Oleh Oleh,Surabaya,100,4.7
COD Kerupuk Seblak Mentah Putih Kerupuk Seblak,8999,MarkToserba,Kab. Kuningan,2,5.0
Cuanki Baso Tahu Kering ISI 100 untuk Seblak dan baso aci,29999,gaiagarut,Kab. Garut,500,4.9
Kerupuk Seblak Pedas Gurih aroma Kencur,15000,DUO BOCIL SNACK,Depok,1000,4.7
KRUPUK JABLAY PEDAS 220GR/KRUPUK SEBLAK/CEMILAN SNACK/SNACK KILOAN.,12500,Agen Snack Murah,Jakarta Barat,40,4.9
Batagor Seblak Cuanki Kuah Rebus Instan Ma Acih Cemilan Tradisional,20750,TOSERDA,Bandung,100,4.8
"PAKET BLAKKUR ( SEBLAK INSTAN, PILUS CIKUR PEDAS JERUK)",33000,Sajodo Snack & Food,Tasikmalaya,12,5.0
Seblak Asgar Cilok Jeletot,25000,KulinerIndo,Yogyakarta,16,5.0
Siomay Mini Kering Isi 250 Gram Topping Baso Aci / Seblak / Cuanki,5999,Bara Snack Kediri 1,Kediri,7,5.0
Krupuk Seblak Koin Kering Pedas 200gr Snack Kiloan JST,10999,Jember Snack Time,Kab. Jember,100,4.7
Pilus Cikur Topping Baso Aci / Seblak,11500,Pusat Cuankie & Cemilan Frozen,Jakarta Timur,250,4.8
Cuanki sohu mini 500 gram toping seblak baso aci atau cemilan,24000,CUANKI CULAMETAN,Kab. Garut,40,4.9
Cireng Seblak,18000,MajuMakmurFrozenFood,Kab. Karawang,9,5.0
Seblak Kerupuk Bawang bantet pedas daun jeruk cemilan lnstan enak,5000,seblak csc,Kab. Bandung,70,5.0
Kerupuk Seblak Beton 250g,12000,berkah66snack,Kab. Serang,12,5.0
"Seblak kuah instan , Seblak khas garut b",5000,iwan resistans leather 2,Kab. Garut,500,4.9
seblak stik pedas,3500,cemilanbogorgrosir,Bogor,13,4.7
Seblak Karuhun,11475,kylafood,Bandung,70,5.0
[ENDOSHOPID] 250 Gr Kerupuk Kepang Seblak Cuanki,6000,Endo Shop ID,Kab. Garut,40,5.0
Seblak Kencur 250gr/Kerupuk Seblak Rasa Kencur/Snack Cemilan,12500,Agen Snack Murah,Jakarta Barat,250,5.0
KERUPUK SEBLAK KERING 1KG BY OYUN KRIUKZZ,47400,oyun kriukzz,Jakarta Barat,30,5.0
Kerupuk Seblak Pedas Gurih Kemasan 100 Gram,5499,Baso Aci Ayang,Kab. Garut,100,4.8
kerupuk seblak,8000,food house,Jakarta Timur,30,5.0
KRUPUK SEBLAK/KRUPUK JABLAY/KRUPUK REMPAH KENCUR,5500,NR9_STORE,Kab. Banyumas,13,5.0
Seblak instan komplit murah,5500,lisdhacollection,Kab. Garut,21,5.0
Kerupuk Seblak Oranye (200gr) - Kerupuk Kemplang Matahari Pagi MP,4000,Pusat Grosir Cuanki,Kab. Bandung,11,5.0
Makanan Kering Kerupuk Seblak Pedas 100 gram,5000,BLIBET,Jakarta Barat,11,5.0
Kylafood Mix Pentol Kuah dan Seblak Original,42500,kylafood,Bandung,60,4.9
Pasar Keripik Kerupuk Seblak Mawar Pedas size Kiloan,65000,Pasar Keripik Bandung,Bandung,11,4.9
Kylafood Mix Fav Selebgram Seblak Original & Batagor kuah,42500,kylafood,Bandung,250,4.8
Mie Seblak Geprek Sami Raos Khas Garut Seblak Instant Kekinian 160gr,18900,Foodstocks,Jakarta Selatan,100,5.0
Kylafood Seblak Kwetiaw play,19975,kylafood,Bandung,500,4.9
